

INSERT INTO PRACOWNIK
VALUES ('kb1', 'Kamil', 'Bonc', 'Wroclaw ul.Pogodna 34/54', TO_DATE('2003/05/03 21:02:44', 'yyyy/mm/dd hh24:mi:ss'), '726879687')
INSERT INTO Pracownik
VALUES ('pw1', 'Piotr', 'Wigry', 'Wroclaw ul.Laskawa 34/54',  TO_DATE('2005/04/03 12:02:44', 'yyyy/mm/dd hh24:mi:ss'), '4368789687')
INSERT INTO Pracownik
VALUES ('mz1', 'Michal', 'Zala', 'Wroclaw ul.Pogodna 34/54', TO_DATE('2012/04/07 12:02:44', 'yyyy/mm/dd hh24:mi:ss'), '924378967')
INSERT INTO Pracownik
VALUES ('eg1', 'Edyta', 'Gasicz', 'Wroclaw ul.Pogodna 34/54', TO_DATE('2006/04/06 12:02:44', 'yyyy/mm/dd hh24:mi:ss'), '368789687')
INSERT INTO Pracownik
VALUES ('kb2', 'Kamila', 'Boncewicz', 'Wroclaw ul.Pogodna 34/54', TO_DATE('2015/04/04 12:02:44', 'yyyy/mm/dd hh24:mi:ss'), '368789687')



INSERT INTO KLIENT
VALUES ('67857693857','Zdzislaw','Krecina','756847654')
INSERT INTO KLIENT
VALUES ('65857693857','Michal','Krol','756847654')
INSERT INTO KLIENT
VALUES ('93857693857','Justyna','Gebryska','756847654')
INSERT INTO KLIENT
VALUES ('79857693857','Pawel','Janowski','756847654')

INSERT INTO MARKA
VALUES('AUD1','Audi')
INSERT INTO MARKA
VALUES('MER1','Mercedes-Benz')
INSERT INTO MARKA
VALUES('BMW1','BMW')
INSERT INTO MARKA
VALUES('OPE1','Opel')
INSERT INTO MARKA
VALUES('VOL1','Volvo')

INSERT INTO fabryka
VALUES('AUD_fac','AUD1')
INSERT INTO fabryka
VALUES('MER_fac','MER1')
INSERT INTO fabryka
VALUES('OPE_fac','OPE1')
INSERT INTO fabryka
VALUES('BMW_fac','BMW1')
INSERT INTO fabryka
VALUES('VOL_fac','VOL1')

INSERT INTO MODEL
VALUES('A4','A4','AUD1')
INSERT INTO MODEL
VALUES('A5','A5','AUD1')
INSERT INTO MODEL
VALUES('CLS','CLS','MER1')
INSERT INTO MODEL
VALUES('GLA','GLA','MER1')
INSERT INTO MODEL
VALUES('E46','E46','BMW1')
INSERT INTO MODEL
VALUES('M3','M3','BMW1')
INSERT INTO MODEL
VALUES('Astra_g','Astra G','OPE1')
INSERT INTO MODEL
VALUES('Vectra_b','Vectra B','OPE1')
INSERT INTO MODEL
VALUES('s60','s60','VOL1')
INSERT INTO MODEL
VALUES('v40','v40','VOL1')

INSERT INTO DOSTAWA
VALUES ('dostawa_1','45','kb1','AUD_fac')
INSERT INTO DOSTAWA
VALUES ('dostawa_2','55','kb2','MER_fac')
INSERT INTO DOSTAWA
VALUES ('dostawa_3','35','pw1','BMW_fac')
INSERT INTO DOSTAWA
VALUES ('dostawa_4','35','eg1','OPE_fac')
INSERT INTO DOSTAWA
VALUES ('dostawa_5','35','mz1','VOL_fac')




INSERT INTO SAMOCHOD
VALUES('37564536576879356','Czerwony',TO_DATE('2013/04/04 ', 'yyyy/mm/dd'),'A4','AUD1')
INSERT INTO SAMOCHOD
VALUES('86756473970152764','Czerwony',TO_DATE('2008/04/04 ', 'yyyy/mm/dd'),'A5','AUD1')
INSERT INTO SAMOCHOD
VALUES('44839842923894483','Bialy',TO_DATE('205/04/10 ', 'yyyy/mm/dd'),'CLS','MER1')
INSERT INTO SAMOCHOD
VALUES('98324932849823948','Srebrny',TO_DATE('2012/04/11 ', 'yyyy/mm/dd'),'GLA','MER1')
INSERT INTO SAMOCHOD
VALUES('92834932849238488','Czarny',TO_DATE('2005/10/10 ', 'yyyy/mm/dd'),'CLS','MER1')
INSERT INTO SAMOCHOD
VALUES('84926462300493462','Czarny',TO_DATE('2008/04/05 ', 'yyyy/mm/dd'),'CLS','BMW1')
INSERT INTO SAMOCHOD
VALUES('47387482748732747','Zloty',TO_DATE('2008/04/05 ', 'yyyy/mm/dd'),'CLS','BMW1')
INSERT INTO SAMOCHOD
VALUES('98324984932426646','Czarny',TO_DATE('1997/04/01 ', 'yyyy/mm/dd'),'Vectra_b','OPE1')
INSERT INTO SAMOCHOD
VALUES('67563837438473874','Zloty',TO_DATE('1999/04/01 ', 'yyyy/mm/dd'),'Astra_g','OPE1')
INSERT INTO SAMOCHOD
VALUES('74985984932426646','Czarny',TO_DATE('2007/02/11 ', 'yyyy/mm/dd'),'v40','VOL1')
INSERT INTO SAMOCHOD
VALUES('32321983482374237','Zielony',TO_DATE('2009/07/11 ', 'yyyy/mm/dd'),'s60','VOL1')

INSERT INTO PRZYJECIE_SAMOCHODU
VALUES('przyjecie_1','dostawa_1','37564536576879356')
INSERT INTO PRZYJECIE_SAMOCHODU
VALUES('przyjecie_2','dostawa_1','86756473970152764')
INSERT INTO PRZYJECIE_SAMOCHODU
VALUES('przyjecie_3','dostawa_4','67563837438473874')
INSERT INTO PRZYJECIE_SAMOCHODU
VALUES('przyjecie_4','dostawa_2','44839842923894483')
INSERT INTO PRZYJECIE_SAMOCHODU
VALUES('przyjecie_5','dostawa_2','98324932849823948')
INSERT INTO PRZYJECIE_SAMOCHODU
VALUES('przyjecie_6','dostawa_2','92834932849238488')
INSERT INTO PRZYJECIE_SAMOCHODU
VALUES('przyjecie_7','dostawa_3','84926462300493462')
INSERT INTO PRZYJECIE_SAMOCHODU
VALUES('przyjecie_8','dostawa_3','47387482748732747')
INSERT INTO PRZYJECIE_SAMOCHODU
VALUES('przyjecie_9','dostawa_4','98324984932426646')
INSERT INTO PRZYJECIE_SAMOCHODU
VALUES('przyjecie_10','dostawa_5','74985984932426646')
INSERT INTO PRZYJECIE_SAMOCHODU
VALUES('przyjecie_11','dostawa_5','32321983482374237')

INSERT INTO ZAMOWIENIE
VALUES(' Audi a5-Silnik 6.0, skorzana tapicerka, sportowy wydech','zam_1','kb2','67857693857')
INSERT INTO ZAMOWIENIE
VALUES('Mercedes GLS-Tapicerka w kolorze czerownym, przyciemnione szyby','zam_2','eg1','93857693857')
INSERT INTO ZAMOWIENIE
VALUES('Volvo s60-Sportowe zawieszenie,skorzana tapicerka,szyberdach','zam_3','kb1','93857693857')
INSERT INTO ZAMOWIENIE
VALUES('Opel vectra B-wersja podstawowa','zam_4','pw1','79857693857')
INSERT INTO ZAMOWIENIE
VALUES('BMW M6-Wersja sportowa','zam_5','pw1','91070293875')

insert into SPRZEDAZ
VALUES('sprzed_1',TO_DATE('2018/05/09 11:02:44', 'yyyy/mm/dd hh24:mi:ss'),'zam_1','86756473970152764')
insert into SPRZEDAZ
VALUES('sprzed_2',TO_DATE('2018/05/06 12:02:44', 'yyyy/mm/dd hh24:mi:ss'),'zam_2','98324932849823948')
insert into SPRZEDAZ
VALUES('sprzed_3',TO_DATE('2018/05/11 15:02:44', 'yyyy/mm/dd hh24:mi:ss'),'zam_3','67563837438473874')
insert into SPRZEDAZ
VALUES('sprzed_4',TO_DATE('2018/05/12 12:22:44', 'yyyy/mm/dd hh24:mi:ss'),'zam_4','98324984932426646')
insert into SPRZEDAZ
VALUES('sprzed_5',TO_DATE('2018/05/14 09:02:44', 'yyyy/mm/dd hh24:mi:ss'),'zam_5','47387482748732747')
insert into SPRZEDAZ
VALUES('sprzed_6',TO_DATE('2018/05/14 14:02:44', 'yyyy/mm/dd hh24:mi:ss'),'zam_6','72839053970173902');
